"Substance / Classe","Substance / Classe associée","Risque / Effet","Niveau de contrainte","Conduite à tenir"
"ABATACEPT","ANTI-TNF ALPHA","Majoration de l'immunodépression.","Association DECONSEILLEE",""
"ABATACEPT","VACCINS VIVANTS ATTÉNUÉS","Risque de maladie vaccinale généralisée, éventuellement mortelle.","Association DECONSEILLEE","ainsi que pendant les 3 mois suivant l'arrêt du traitement."
"ABIRATERONE","INDUCTEURS ENZYMATIQUES PUISSANTS","Diminution notable des concentrations plasmatiques de l'abiratérone, avec risque de moindre efficacité.","Association DECONSEILLEE",""
"ABIRATERONE","METOPROLOL","Chez l'insuffisant cardiaque, risque d'augmentation des effets indésirables du métoprolol, par diminution de son métabolisme hépatique par l'abiratérone.","Précaution d'emploi","Surveillance clinique. Si besoin, adaptation de la posologie du métoprolol pendant le traitement par l'abiratérone."
"ABIRATERONE","PROPAFENONE","Risque d'augmentation des effets indésirables de la propafénone, par diminution de son métabolisme hépatique par l'abiratérone.","Précaution d'emploi","Surveillance clinique. Si besoin, adaptation de la posologie de la propafénone pendant le traitement par l'abiratérone."
"ABIRATERONE","RIFAMPICINE","Diminution notable des concentrations plasmatiques de l'abiratérone, avec risque de moindre efficacité.","Association DECONSEILLEE",""
"ABROCITINIB","FLUCONAZOLE","Risque de majoration des effets indésirables de l'abrocitinib par diminution de son métabolisme.","Précaution d'emploi","Réduire la posologie de l'abrocitinib de moitié en cas de traitement par le fluconazole."
"ABROCITINIB","FLUVOXAMINE","Risque de majoration des effets indésirables de l'abrocitinib par diminution de son métabolisme.","Précaution d'emploi","Réduire la posologie de l'abrocitinib de moitié en cas de traitement par la fluvoxamine."
"ACETAZOLAMIDE","ACIDE ACETYLSALICYLIQUE","Majoration des effets indésirables, et notamment de l'acidose métabolique, de l'acide acétylsalicylique à doses élevées et de l'acétazolamide, par diminution de l'élimination de l'acide acétylsalicylique par l'acétazolamide.","Association DECONSEILLEE",""
"ACETAZOLAMIDE","CARBAMAZEPINE","Augmentation des concentrations plasmatiques de carbamazépine avec signes de surdosage.","Précaution d'emploi","Surveillance clinique et, si besoin, contrôle des concentrations plasmatiques de carbamazépine et réduction éventuelle de sa posologie."
"ACETAZOLAMIDE","LITHIUM","Diminution de la lithémie avec risque de baisse de l'efficacité thérapeutique.","Précaution d'emploi","Surveillance stricte de la lithémie et adaptation éventuelle de la posologie du lithium."
"ACETAZOLAMIDE","VALPROÏQUE (ACIDE) ET, PAR EXTRAPOLATION, VALPROMIDE","Augmentation de l'hyperammoniémie, avec risque accru d'encéphalopathie.","Précaution d'emploi","Surveillance clinique et biologique régulière."
"ACIDE ACETOHYDROXAMIQUE","FER","Diminution de l'absorption digestive de ces deux médicaments par chélation du fer.","A prendre en compte",""
"ACIDE ACETYLSALICYLIQUE","ACETAZOLAMIDE","Majoration des effets indésirables, et notamment de l'acidose métabolique, de l'acide acétylsalicylique à doses élevées et de l'acétazolamide, par diminution de l'élimination de l'acide acétylsalicylique par l'acétazolamide.","Association DECONSEILLEE",""
"ACIDE ACETYLSALICYLIQUE","ANTAGONISTES DES RÉCEPTEURS DE L'ANGIOTENSINE II","Pour des doses anti-inflammatoires d'acide acétylsalicylique (>= 1g par prise et/ou >= 3g par jour) ou pour des doses antalgiques ou antipyrétiques (>=500 mg par prise et/ou < 3g par jour): Insuffisance rénale aiguë chez le patient à risque (âgé, déshydraté, sous diurétiques, avec une fonction rénale altérée), par diminution de la filtration glomérulaire secondaire à une diminution de la synthèse des prostaglandines rénales. Par ailleurs, réduction de l'effet antihypertenseur.","Précaution d'emploi","Hydrater le malade et surveiller la fonction rénale en début de traitement et régulièrement pendant l'association."
"ACIDE ACETYLSALICYLIQUE","ANTICOAGULANTS ORAUX","Majoration du risque hémorragique, notamment en cas d'antécédent d'ulcère gastro-duodénal.","Contre-indication / Association déconseillée / A prendre en compte","Contre-indication avec doses anti-inflammatoires ou antalgiques/antipyrétiques avec antécédent d'ulcère. Association déconseillée avec doses antalgiques/antipyrétiques sans antécédent d'ulcère ou doses antiagrégantes avec antécédent d'ulcère. A prendre en compte avec doses antiagrégantes sans antécédent d'ulcère."
"ACIDE ACETYLSALICYLIQUE","ANTI-INFLAMMATOIRES NON STÉROÏDIENS","Majoration du risque ulcérogène et hémorragique digestif.","Association déconseillée / A prendre en compte","Association déconseillée avec doses anti-inflammatoires ou antalgiques/antipyrétiques. A prendre en compte avec doses antiagrégantes (50 mg à 375 mg par jour)."
"ACIDE ACETYLSALICYLIQUE","CLOPIDOGREL","Majoration du risque hémorragique par addition des activités antiagrégantes plaquettaires.","Association déconseillée / Précaution d'emploi / A prendre en compte","Association déconseillée en dehors des indications validées dans le SCA. Précaution d'emploi dans les indications validées du SCA. A prendre en compte selon posologies."
"ACIDE ACETYLSALICYLIQUE","DEFERASIROX","Majoration du risque ulcérogène et hémorragique digestif.","A prendre en compte",""
"ACIDE ACETYLSALICYLIQUE","DIURÉTIQUES","Pour des doses anti-inflammatoires ou antalgiques/antipyrétiques: Insuffisance rénale aiguë chez le patient à risque par diminution de la filtration glomérulaire. Réduction de l'effet antihypertenseur.","Précaution d'emploi","Hydrater le malade et surveiller la fonction rénale en début de traitement et régulièrement pendant l'association."
"ACIDE ACETYLSALICYLIQUE","GLUCOCORTICOIDES (SAUF HYDROCORTISONE)","Majoration du risque hémorragique.","Association déconseillée / A prendre en compte","Association déconseillée avec doses anti-inflammatoires. A prendre en compte avec doses antalgiques ou antipyrétiques."
"ACIDE ACETYLSALICYLIQUE","HÉPARINES (DOSES CURATIVES ET/OU SUJET ÂGÉ)","Augmentation du risque hémorragique (inhibition de la fonction plaquettaire et agression de la muqueuse gastroduodénale).","Association déconseillée / A prendre en compte","Association déconseillée avec doses anti-inflammatoires ou antalgiques/antipyrétiques. Utiliser un autre anti-inflammatoire/antalgique. A prendre en compte avec doses antiagrégantes."
"ACIDE ACETYLSALICYLIQUE","HÉPARINES (DOSES PRÉVENTIVES)","L'utilisation conjointe de médicaments agissant à divers niveaux de l'hémostase majore le risque de saignement. Chez le sujet de moins de 65 ans, quelle que soit la dose.","A prendre en compte","Maintenir une surveillance clinique et éventuellement biologique."
"ACIDE ACETYLSALICYLIQUE","INHIBITEURS DE L'ENZYME DE CONVERSION","Pour des doses anti-inflammatoires ou antalgiques/antipyrétiques: Insuffisance rénale aiguë chez le patient à risque, réduction de l'effet antihypertenseur.","Précaution d'emploi","Hydrater le malade et surveiller la fonction rénale en début de traitement et régulièrement pendant l'association."
"ACIDE ACETYLSALICYLIQUE","METHOTREXATE","Majoration de la toxicité, notamment hématologique, du méthotrexate (diminution de sa clairance rénale).","Contre-indication / Précaution d'emploi","Méthotrexate > 20 mg/semaine: contre-indication avec doses antalgiques/anti-inflammatoires; précaution d'emploi avec doses antiagrégantes. Méthotrexate <= 20 mg/semaine: précaution d'emploi avec doses antalgiques/anti-inflammatoires. Contrôle hebdomadaire de l'hémogramme."
"ACIDE ACETYLSALICYLIQUE","NICORANDIL","Majoration du risque ulcérogène et hémorragique digestif.","Association DECONSEILLEE",""
"ACIDE ACETYLSALICYLIQUE","PEMETREXED","Risque de majoration de la toxicité du pemetrexed (diminution de sa clairance rénale par l'acide acétylsalicylique à doses anti-inflammatoires).","Association déconseillée / Précaution d'emploi","Association déconseillée en cas de fonction rénale faible à modérée. Précaution d'emploi en cas de fonction rénale normale (surveillance biologique)."
"ACIDE ACETYLSALICYLIQUE","PROBENECIDE","Diminution de l'effet uricosurique par compétition de l'élimination de l'acide urique au niveau des tubules rénaux.","Association DECONSEILLEE",""
"ACIDE ACETYLSALICYLIQUE","TICAGRELOR","Majoration du risque hémorragique par addition des activités antiagrégantes plaquettaires.","Association déconseillée / Précaution d'emploi","Association déconseillée en dehors des indications validées dans le SCA. Précaution d'emploi dans les indications validées du SCA (surveillance clinique)."
"ACIDE ACETYLSALICYLIQUE","TICLOPIDINE","Majoration du risque hémorragique par addition des activités antiagrégantes plaquettaires.","A prendre en compte",""
"ACIDE ASCORBIQUE","CICLOSPORINE","Risque de diminution des concentrations sanguines de la ciclosporine, notamment en cas d'association avec la vitamine E.","A prendre en compte","Si l'association ne peut être évitée, surveillance clinique étroite."
"ACIDE ASCORBIQUE","DÉFÉRIPRONE","Avec l'acide ascorbique à fortes doses et par voie IV: risque d'anomalies de la fonction cardiaque, voire insuffisance cardiaque aiguë.","Précaution d'emploi","Surveillance de la fonction cardiaque."
"ACIDE ASCORBIQUE","DÉFÉROXAMINE","Avec l'acide ascorbique à fortes doses et par voie IV: anomalies de la fonction cardiaque, voire insuffisance cardiaque aiguë.","Précaution d'emploi","En cas d'hémochromatose, ne donner la vitamine C qu'après avoir commencé le traitement par la déféroxamine. Surveiller la fonction cardiaque."
"ACIDE CHOLIQUE","PHÉNOBARBITAL (ET, PAR EXTRAPOLATION, PRIMIDONE)","Effet antagoniste du barbiturique.","CONTRE-INDICATION",""
"ACIDE CLODRONIQUE","ESTRAMUSTINE","Risque d'augmentation des concentrations plasmatiques d'estramustine par le clodronate.","Précaution d'emploi","Surveillance clinique au cours de l'association."
"ACIDE FOLINIQUE","FLUOROURACILE (ET, PAR EXTRAPOLATION, AUTRES FLUOROPYRIMIDINES)","Potentialisation des effets, à la fois cytostatiques et indésirables, du fluoro-uracile.","A prendre en compte",""
"ACIDE FUSIDIQUE","INHIBITEURS DE L'HMG-COA RÉDUCTASE (STATINES)","Risque majoré d'effets indésirables (concentration-dépendants) à type de rhabdomyolyse.","CONTRE-INDICATION","Arrêter le traitement par l'inhibiteur de l'HMG Co-A réductase avant d'initier un traitement par acide fusidique ou utiliser un autre antibiotique."
"ACIDE FUSIDIQUE","OMBITASVIR + PARITAPRÉVIR","Augmentation des concentrations plasmatiques de l'acide fusidique par diminution de son métabolisme hépatique par la bithérapie.","CONTRE-INDICATION",""
"ACIDE NICOTINIQUE","ALCOOL (BOISSON OU EXCIPIENT)","Risque de prurit, de rougeur et de chaleur, lié à une potentialisation de l'effet vasodilatateur.","A prendre en compte",""
"ACIDE URSODESOXYCHOLIQUE","CICLOSPORINE","Risque de variation des concentrations sanguines de ciclosporine.","A prendre en compte",""
"ACITRETINE","ALCOOL (BOISSON OU EXCIPIENT)","Chez la femme en âge de procréer, risque de transformation de l'acitrétine en étrétinate, puissant tératogène (demi-vie 120 jours).","CONTRE-INDICATION","Exposition à un risque tératogène majeur pendant le traitement et les 2 mois suivant son arrêt."
"ACITRETINE","METHOTREXATE","Risque de majoration de l'hépatotoxicité du méthotrexate.","CONTRE-INDICATION",""
"ADRENALINE (VOIE BUCCO-DENTAIRE OU SOUS-CUTANÉE)","ANESTHÉSIQUES VOLATILS HALOGÉNÉS","Troubles du rythme ventriculaire graves par augmentation de l'excitabilité cardiaque.","Précaution d'emploi","Limiter l'apport, par exemple moins de 0,1 mg d'adrénaline en 10 minutes ou 0,3 mg en 1 heure chez l'adulte."
"ADRENALINE (VOIE BUCCO-DENTAIRE OU SOUS-CUTANÉE)","ANTIDÉPRESSEURS IMIPRAMINIQUES","Troubles du rythme ventriculaire graves par augmentation de l'excitabilité cardiaque.","Précaution d'emploi","Limiter l'apport, par exemple moins de 0,1 mg d'adrénaline en 10 minutes ou 0,3 mg en 1 heure chez l'adulte."
"ADRENALINE (VOIE BUCCO-DENTAIRE OU SOUS-CUTANÉE)","IMAO IRRÉVERSIBLES","Troubles du rythme ventriculaire graves par augmentation de l'excitabilité cardiaque.","Précaution d'emploi","Limiter l'apport, par exemple moins de 0,1 mg d'adrénaline en 10 minutes ou 0,3 mg en 1 heure chez l'adulte."
"ADRENALINE (VOIE BUCCO-DENTAIRE OU SOUS-CUTANÉE)","MÉDICAMENTS MIXTES ADRÉNERGIQUES-SÉROTONINERGIQUES","Troubles du rythme ventriculaire graves par augmentation de l'excitabilité cardiaque.","Précaution d'emploi","Limiter l'apport, par exemple moins de 0,1 mg d'adrénaline en 10 minutes ou 0,3 mg en 1 heure chez l'adulte."
"AFATINIB","AMIODARONE","Augmentation des concentrations plasmatiques d'afatinib par augmentation de son absorption par l'amiodarone.","Précaution d'emploi","Administrer l'amiodarone le plus à distance possible de l'afatinib (intervalle de 6h ou 12h de préférence)."
"AFATINIB","CICLOSPORINE","Augmentation des concentrations plasmatiques d'afatinib par augmentation de son absorption par la ciclosporine.","Précaution d'emploi","Administrer la ciclosporine le plus à distance possible de l'afatinib (intervalle de 6h ou 12h de préférence)."
"AFATINIB","ERYTHROMYCINE","Augmentation des concentrations plasmatiques d'afatinib par augmentation de son absorption par l'érythromycine.","Précaution d'emploi","Administrer l'érythromycine le plus à distance possible de l'afatinib (intervalle de 6h ou 12h de préférence)."
"AFATINIB","INDUCTEURS ENZYMATIQUES PUISSANTS","Diminution des concentrations plasmatiques de l'afatinib par augmentation de son métabolisme par ces substances.","Précaution d'emploi","Surveillance clinique pendant l'association et 1 à 2 semaines après leur arrêt."
"AFATINIB","INHIBITEURS DE PROTÉASES BOOSTÉS PAR RITONAVIR","Augmentation des concentrations plasmatiques d'afatinib par augmentation de son absorption par l'inhibiteur de protéases.","Précaution d'emploi","Administrer l'inhibiteur de protéases le plus à distance possible de l'afatinib (intervalle de 6h ou 12h de préférence)."
"AFATINIB","ITRACONAZOLE","Augmentation des concentrations plasmatiques d'afatinib par augmentation de son absorption par l'itraconazole.","Précaution d'emploi","Administrer l'itraconazole le plus à distance possible de l'afatinib (intervalle de 6h ou 12h de préférence)."
"AFATINIB","KETOCONAZOLE","Augmentation des concentrations plasmatiques d'afatinib par augmentation de son absorption par le kétoconazole.","Précaution d'emploi","Administrer le kétoconazole le plus à distance possible de l'afatinib (intervalle de 6h ou 12h de préférence)."
"AFATINIB","PRIMIDONE","Diminution des concentrations plasmatiques de l'afatinib par augmentation de son métabolisme par la primidone.","Précaution d'emploi","Surveillance clinique pendant l'association et 1 à 2 semaines après leur arrêt."
"AFATINIB","RIFAMPICINE","Diminution des concentrations plasmatiques de l'afatinib par augmentation de son métabolisme par la rifampicine.","Précaution d'emploi","Surveillance clinique pendant l'association et 1 à 2 semaines après leur arrêt."
"AFATINIB","VERAPAMIL","Augmentation des concentrations plasmatiques d'afatinib par augmentation de son absorption par le vérapamil.","Précaution d'emploi","Administrer le vérapamil le plus à distance possible de l'afatinib (intervalle de 6h ou 12h de préférence)."
"AGOMELATINE","CIPROFLOXACINE","Augmentation des concentrations d'agomélatine, avec risque de majoration des effets indésirables.","Association DECONSEILLEE",""
"AGOMELATINE","FLUVOXAMINE","Augmentation des concentrations d'agomélatine, avec risque de majoration des effets indésirables.","CONTRE-INDICATION",""
"ALBENDAZOLE","INDUCTEURS ENZYMATIQUES PUISSANTS","Diminution importante des concentrations plasmatiques de l'albendazole et de son métabolite actif par l'inducteur, avec risque de baisse de son efficacité.","Précaution d'emploi","Surveillance clinique de la réponse thérapeutique et adaptation éventuelle de la posologie de l'albendazole pendant le traitement et après son arrêt."
"ALBENDAZOLE","INHIBITEURS DE PROTÉASES BOOSTÉS PAR RITONAVIR","Diminution importante des concentrations plasmatiques de l'albendazole et de son métabolite actif par le ritonavir, avec risque de baisse de son efficacité.","Précaution d'emploi","Surveillance clinique de la réponse thérapeutique et adaptation éventuelle de la posologie de l'albendazole pendant le traitement et après son arrêt."
"ALBENDAZOLE","RIFAMPICINE","Diminution importante des concentrations plasmatiques de l'albendazole et de son métabolite actif par l'inducteur, avec risque de baisse de son efficacité.","Précaution d'emploi","Surveillance clinique de la réponse thérapeutique et adaptation éventuelle de la posologie de l'albendazole pendant le traitement et après son arrêt."
"ALCALINISANTS URINAIRES","HYDROQUINIDINE","Augmentation des concentrations plasmatiques de l'hydroquinidine et risque de surdosage (diminution de l'excrétion rénale par alcalinisation des urines).","Précaution d'emploi","Surveillance clinique, ECG et éventuellement contrôle des concentrations de l'hydroquinidine; si besoin, adaptation de la posologie."
"ALCALINISANTS URINAIRES","QUINIDINE","Augmentation des concentrations plasmatiques de la quinidine et risque de surdosage (diminution de l'excrétion rénale par alcalinisation des urines).","Précaution d'emploi","Surveillance clinique, ECG et éventuellement contrôle de la quinidinémie; si besoin, adaptation de la posologie."
"ALCALOÏDES DE L'ERGOT DE SEIGLE DOPAMINERGIQUES","ALCALOÏDES DE L'ERGOT DE SEIGLE VASOCONSTRICTEURS","Risque de vasoconstriction et/ou de poussées hypertensives.","Association DECONSEILLEE",""
"ALCALOÏDES DE L'ERGOT DE SEIGLE DOPAMINERGIQUES","ANTIPARKINSONIENS ANTICHOLINEPGIQUES","Risque de majoration des troubles neuropsychiques.","Précaution d'emploi","Surveillance clinique et biologique régulière, notamment en début d'association."
"ALCALOÏDES DE L'ERGOT DE SEIGLE DOPAMINERGIQUES","MACROLIDES (SAUF SPIRAMYCINE)","Augmentation des concentrations plasmatiques du dopaminergique avec accroissement possible de son activité ou apparition de signes de surdosage.","Association DECONSEILLEE",""
"ALCALOÏDES DE L'ERGOT DE SEIGLE DOPAMINERGIQUES","SYMPATHOMIMÉTIQUES ALPHA (VOIES ORALE ET/OU NASALE)","Risque de vasoconstriction et/ou de poussées hypertensives.","Association DECONSEILLEE",""
"ALCALOÏDES DE L'ERGOT DE SEIGLE DOPAMINERGIQUES","SYMPATHOMIMÉTIQUES INDIRECTS","Risque de vasoconstriction et/ou de poussées hypertensives.","Association DECONSEILLEE",""
"ALCALOÏDES DE L'ERGOT DE SEIGLE VASOCONSTRICTEURS","ALCALOÏDES DE L'ERGOT DE SEIGLE DOPAMINERGIQUES","Risque de vasoconstriction et/ou de poussées hypertensives.","Association DECONSEILLEE",""
"ALCALOÏDES DE L'ERGOT DE SEIGLE VASOCONSTRICTEURS","INHIBITEURS PUISSANTS DU CYP3A4","Risque de vasoconstriction coronaire ou des extrémités (ergotisme), ou de poussées hypertensives.","CONTRE-INDICATION",""
"ALCALOÏDES DE L'ERGOT DE SEIGLE VASOCONSTRICTEURS","LÉTERMOVIR","Risque de vasoconstriction coronaire ou des extrémités (ergotisme), ou de poussées hypertensives.","CONTRE-INDICATION",""
"ALCALOÏDES DE L'ERGOT DE SEIGLE VASOCONSTRICTEURS","OMBITASVIR + PARITAPRÉVIR","Augmentation des concentrations plasmatiques de l'alcaloïde de l'ergot de seigle vasoconstricteur par diminution de son métabolisme hépatique par la bithérapie.","CONTRE-INDICATION",""
"ALCALOÏDES DE L'ERGOT DE SEIGLE VASOCONSTRICTEURS","SYMPATHOMIMÉTIQUES ALPHA (VOIES ORALE ET/OU NASALE)","Risque de vasoconstriction et/ou de poussées hypertensives.","Association DECONSEILLEE",""
"ALCALOÏDES DE L'ERGOT DE SEIGLE VASOCONSTRICTEURS","SYMPATHOMIMÉTIQUES INDIRECTS","Risque de vasoconstriction et/ou de poussées hypertensives.","Association DECONSEILLEE",""
"ALCALOÏDES DE L'ERGOT DE SEIGLE VASOCONSTRICTEURS","TRIPTANS","Risque d'hypertension artérielle, de vasoconstriction artérielle coronaire.","CONTRE-INDICATION","Respecter un délai de 6 à 24 heures, selon le triptan, entre la prise de celui-ci et celle de l'alcaloïde ergoté."
"ALCOOL (BOISSON OU EXCIPIENT)","ACIDE NICOTINIQUE","Risque de prurit, de rougeur et de chaleur, lié à une potentialisation de l'effet vasodilatateur.","A prendre en compte",""
"ALCOOL (BOISSON OU EXCIPIENT)","ACITRETINE","Chez la femme en âge de procréer, risque de transformation de l'acitrétine en étrétinate, puissant tératogène (demi-vie 120 jours).","CONTRE-INDICATION","Exposition à un risque tératogène majeur pendant le traitement et les 2 mois suivant son arrêt."
"ALCOOL (BOISSON OU EXCIPIENT)","ANTABUSE (RÉACTION)","Effet antabuse (chaleur, rougeurs, vomissements, tachycardie).","Association DECONSEILLEE","Éviter la prise de boissons alcoolisées et de médicaments contenant de l'alcool. Tenir compte de la demi-vie."
"ALCOOL (BOISSON OU EXCIPIENT)","IMAO IRRÉVERSIBLES","Majoration des effets hypertenseurs et/ou hyperthermiques de la tyramine présente dans certaines boissons alcoolisées.","Association DECONSEILLEE","Éviter la prise de boissons alcoolisées et de médicaments contenant de l'alcool."
"ALCOOL (BOISSON OU EXCIPIENT)","INSULINE","Augmentation de la réaction hypoglycémique (inhibition des réactions de compensation pouvant faciliter la survenue de coma hypoglycémique).","Association DECONSEILLEE","Éviter la prise de boissons alcoolisées et de médicaments contenant de l'alcool."
"ALCOOL (BOISSON OU EXCIPIENT)","MÉDICAMENTS SÉDATIFS","Majoration par l'alcool de l'effet sédatif de ces substances. Altération de la vigilance rendant dangereuse la conduite et l'utilisation de machines.","Association DECONSEILLEE","Éviter la prise de boissons alcoolisées et de médicaments contenant de l'alcool."
"ALCOOL (BOISSON OU EXCIPIENT)","METFORMINE","Risque majoré d'acidose lactique lors d'intoxication alcoolique aiguë, particulièrement en cas de jeûne, dénutrition ou insuffisance hépatocellulaire.","Association DECONSEILLEE","Éviter la prise de boissons alcoolisées et de médicaments contenant de l'alcool."
"ALCOOL (BOISSON OU EXCIPIENT)","SULFAMIDES HYPOGLYCEMIANTS","Effet antabuse (glibenclamide, glipizide, tolbutamide). Augmentation de la réaction hypoglycémique pouvant faciliter la survenue de coma hypoglycémique.","Association DECONSEILLEE","Éviter la prise de boissons alcoolisées et de médicaments contenant de l'alcool."
"ALDESLEUKINE","PRODUITS DE CONTRASTE IODÉS","Majoration du risque de réaction aux produits de contraste en cas de traitement antérieur par interleukine 2: éruption cutanée, hypotension, oligurie, insuffisance rénale.","A prendre en compte",""
"ALFENTANIL","CIMETIDINE","Avec cimétidine >= 800 mg/j: augmentation de l'effet dépresseur respiratoire de l'analgésique opiacé par diminution de son métabolisme hépatique.","Précaution d'emploi","Adapter la posologie de l'alfentanil en cas de traitement par la cimétidine."
"ALFENTANIL","DILTIAZEM","Augmentation de l'effet dépresseur respiratoire de l'analgésique opiacé par diminution de son métabolisme hépatique.","Précaution d'emploi","Adapter la posologie de l'alfentanil en cas de traitement par le diltiazem."
"ALFENTANIL","ERYTHROMYCINE","Augmentation de l'effet dépresseur respiratoire de l'analgésique opiacé par diminution de son métabolisme hépatique.","Précaution d'emploi","Adapter la posologie de l'alfentanil en cas de traitement par l'érythromycine."
"ALFENTANIL","FLUCONAZOLE","Augmentation de l'effet dépresseur respiratoire de l'analgésique opiacé par diminution de son métabolisme hépatique.","Précaution d'emploi","Adapter la posologie de l'alfentanil en cas de traitement par le fluconazole."
"ALFENTANIL","INHIBITEURS PUISSANTS DU CYP3A4","Augmentation de l'effet dépresseur respiratoire de l'analgésique opiacé par diminution de son métabolisme hépatique.","Précaution d'emploi","Surveillance clinique et adaptation de la posologie de l'analgésique opiacé."
"ALFUZOSINE","INHIBITEURS PUISSANTS DU CYP3A4","Risque d'augmentation des concentrations plasmatiques de l'alfuzosine et de ses effets indésirables.","Association DECONSEILLEE",""
"ALFUZOSINE","OMBITASVIR + PARITAPRÉVIR","Augmentation des concentrations plasmatiques de l'alfuzosine par diminution de son métabolisme hépatique par la bithérapie.","CONTRE-INDICATION",""
"ALLOPURINOL","ANTIVITAMINES K","Augmentation du risque hémorragique.","Précaution d'emploi","Contrôle plus fréquent de l'INR. Adaptation éventuelle de la posologie de l'AVK pendant le traitement et 8 jours après son arrêt."
"ALLOPURINOL","DIDANOSINE","Augmentation des concentrations plasmatiques de didanosine et de ses effets indésirables.","Association DECONSEILLEE",""
"ALLOPURINOL","PÉNICILLINES A","Risque accru de réactions cutanées.","A prendre en compte",""
"ALLOPURINOL","VIDARABINE","Risque accru de troubles neurologiques (tremblements, confusion) par inhibition partielle du métabolisme de l'antiviral.","Association DECONSEILLEE",""
"ALPHABLOQUANTS À VISÉE UROLOGIQUE","ANTIHYPERTENSEURS ALPHA-BLOQUANTS","Majoration de l'effet hypotenseur. Risque d'hypotension orthostatique sévère.","Association DECONSEILLEE",""
"ALPHABLOQUANTS À VISÉE UROLOGIQUE","ANTIHYPERTENSEURS SAUF ALPHA-BLOQUANTS","Majoration de l'effet hypotenseur. Risque d'hypotension orthostatique majoré.","A prendre en compte",""
"ALPHABLOQUANTS À VISÉE UROLOGIQUE","INHIBITEURS DE LA PHOSPHODIESTERASE DE TYPE 5","Risque d'hypotension orthostatique, notamment chez le sujet âgé.","Association déconseillée / Précaution d'emploi","Association déconseillée avec la doxazosine. Précaution d'emploi avec les autres alpha-bloquants (débuter aux posologies minimales)."
"ALPRAZOLAM","INHIBITEURS PUISSANTS DU CYP3A4","Possible augmentation de l'effet sédatif de l'alprazolam.","A prendre en compte",""
"ALUMINIUM (SELS)","CITRATES","Risque de facilitation du passage systémique de l'aluminium, notamment en cas de fonction rénale altérée.","Précaution d'emploi","Prendre les topiques gastro-intestinaux à base d'aluminium à distance des citrates (plus de 2h si possible), y compris jus d'agrumes."
"AMBRISENTAN","CICLOSPORINE","Doublement des concentrations d'ambrisentan, avec majoration de l'effet vasodilatateur (céphalées).","A prendre en compte",""
"AMINOSIDES","AUTRES AMINOSIDES","Risque accru de néphrotoxicité et d'ototoxicité (ototoxicité cumulative).","Contre-indication / A prendre en compte","Contre-indication en cas d'administration simultanée. A prendre en compte en cas d'administrations successives."
"AMINOSIDES","AMPHOTERICINE B","Avec l'amphotéricine B administrée par voie IV: risque accru de néphrotoxicité.","A prendre en compte",""
"AMINOSIDES","ATALUREN","Risque de potentialisation de la toxicité rénale de l'aminoside.","CONTRE-INDICATION",""
"AMINOSIDES","BOTULIQUE (TOXINE)","Risque d'augmentation des effets de la toxine botulique avec les aminosides.","Association DECONSEILLEE","Utiliser un autre antibiotique."
"AMINOSIDES","CEFALOTINE","L'augmentation de la néphrotoxicité des aminosides par la céfalotine est discutée.","Précaution d'emploi","Surveillance de la fonction rénale."
"AMINOSIDES","CICLOSPORINE","Augmentation de la créatininémie plus importante que sous ciclosporine seule, avec majoration du risque néphrotoxique.","A prendre en compte",""
"AMINOSIDES","CURARES","Potentialisation des curares lorsque l'antibiotique est administré par voie parentérale et/ou péritonéale avant, pendant ou après l'agent curarisant.","Précaution d'emploi","Surveiller le degré de curarisation en fin d'anesthésie."
"AMINOSIDES","DIURÉTIQUES DE L'ANSE","Augmentation des risques néphrotoxiques et ototoxiques de l'aminoside (insuffisance rénale fonctionnelle liée à la déshydratation).","Précaution d'emploi","Contrôle de l'état d'hydratation, fonctions rénale et cochléovestibulaire, et concentrations plasmatiques d'aminoside."
"AMINOSIDES","ORGANOPLATINES","Addition des effets néphrotoxiques et/ou ototoxiques, notamment en cas d'insuffisance rénale préalable.","A prendre en compte",""
"AMINOSIDES","POLYMYXINE B","Addition des effets néphrotoxiques.","Association DECONSEILLEE","Si l'association ne peut être évitée, surveillance stricte avec justification bactériologique."
"AMINOSIDES","TACROLIMUS","Augmentation de la créatininémie plus importante que sous tacrolimus seul (synergie des effets néphrotoxiques).","A prendre en compte",""
"AMIODARONE","AFATINIB","Augmentation des concentrations plasmatiques d'afatinib par augmentation de son absorption par l'amiodarone.","Précaution d'emploi","Administrer l'amiodarone le plus à distance possible de l'afatinib (intervalle de 6h ou 12h de préférence)."
"AMIODARONE","ANTIVITAMINES K","Augmentation de l'effet de l'antivitamine K et du risque hémorragique.","Précaution d'emploi","Contrôle plus fréquent de l'INR. Adaptation de la posologie de l'AVK pendant le traitement et jusqu'à 4 semaines après son arrêt."
"AMIODARONE","BETA-BLOQUANTS (SAUF ESMOLOL ET SOTALOL) (Y COMPRIS COLLYRES)","Troubles de l'automatisme et de la conduction (suppression des mécanismes sympathiques compensateurs).","Précaution d'emploi","Surveillance clinique et ECG."
"AMIODARONE","BÊTA-BLOQUANTS DANS L'INSUFFISANCE CARDIAQUE","Troubles de l'automatisme et de la conduction cardiaque avec risque de bradycardie excessive.","Précaution d'emploi","Surveillance clinique et ECG régulière."
"AMIODARONE","CICLOSPORINE","Augmentation des concentrations sanguines de ciclosporine, par diminution de son métabolisme hépatique, avec risque d'effets néphrotoxiques.","Association DECONSEILLEE","Dosage des concentrations sanguines de ciclosporine, contrôle de la fonction rénale et adaptation posologique."
"AMIODARONE","COBICISTAT","Risque de majoration des effets indésirables de l'amiodarone par diminution de son métabolisme par le cobicistat.","CONTRE-INDICATION",""
"AMIODARONE","DABIGATRAN","Augmentation des concentrations plasmatiques de dabigatran, avec majoration du risque de saignement.","Précaution d'emploi","Indication post-chirurgicale: surveillance clinique et adaptation posologique du dabigatran sans excéder 150 mg/j."
"AMIODARONE","DIGOXINE","Dépression de l'automatisme (bradycardie excessive) et troubles de la conduction AV. Augmentation de la digoxinémie par diminution de sa clairance.","Précaution d'emploi","Surveillance clinique, ECG et, s'il y a lieu, contrôle de la digoxinémie et adaptation de la posologie."
"AMIODARONE","DILTIAZEM","Pour diltiazem IV: risque de bradycardie et de BAV. Pour diltiazem per os: risque de bradycardie ou BAV, notamment chez les personnes âgées.","Association déconseillée / Précaution d'emploi","Association déconseillée avec diltiazem IV (surveillance clinique et ECG continu si inévitable). Précaution d'emploi avec diltiazem per os."
"AMIODARONE","DOCETAXEL","Risque de majoration des effets indésirables du docétaxel par diminution de son métabolisme hépatique par l'amiodarone.","Précaution d'emploi","Surveillance clinique et adaptation éventuelle de la posologie du docétaxel."
"AMIODARONE","ESMOLOL","Troubles de la contractilité, de l'automatisme et de la conduction (suppression des mécanismes sympathiques compensateurs).","Précaution d'emploi","Surveillance clinique et ECG."
"AMIODARONE","FIDAXOMICINE","Augmentation des concentrations plasmatiques de la fidaxomicine.","Association DECONSEILLEE",""
"AMIODARONE","FLUCONAZOLE","Risque d'allongement de l'intervalle QT.","Précaution d'emploi","Surveillance clinique, particulièrement aux fortes doses de fluconazole (800 mg/j)."
"AMIODARONE","IBRUTINIB","Risque d'augmentation des concentrations plasmatiques d'ibrutinib par diminution de son métabolisme hépatique par l'amiodarone.","Association DECONSEILLEE","Si inévitable, surveillance clinique étroite et réduction de la dose d'ibrutinib à 280 mg/jour."
"AMIODARONE","LIDOCAINE","Risque d'augmentation des concentrations plasmatiques de lidocaïne (effets indésirables neurologiques et cardiaques) par diminution de son métabolisme.","Précaution d'emploi","Surveillance clinique, ECG et concentrations plasmatiques de lidocaïne; adaptation posologique si besoin."
"AMIODARONE","NINTÉDANIB","Augmentation des concentrations plasmatiques du nintédanib par augmentation de son absorption par l'amiodarone.","Précaution d'emploi","Surveillance clinique pendant l'association."
"AMIODARONE","OLAPARIB","Augmentation des concentrations plasmatiques d'olaparib par l'amiodarone.","Association DECONSEILLEE","Si inévitable, limiter la dose d'olaparib à 200 mg 2 fois par jour."
"AMIODARONE","OMBITASVIR + PARITAPRÉVIR","Augmentation des concentrations plasmatiques de l'amiodarone par diminution de son métabolisme hépatique par la bithérapie.","CONTRE-INDICATION",""
"AMIODARONE","ORLISTAT","Risque de diminution des concentrations plasmatiques de l'amiodarone et de son métabolite actif.","Précaution d'emploi","Surveillance clinique et, si besoin, ECG."
"AMIODARONE","PACLITAXEL","Risque de majoration des effets indésirables du paclitaxel par diminution de son métabolisme hépatique par l'amiodarone.","Précaution d'emploi","Surveillance clinique et adaptation éventuelle de la posologie du paclitaxel."
"AMIODARONE","PHÉNYTOÏNE (ET, PAR EXTRAPOLATION, FOSPHÉNYTOÏNE)","Majoration du risque de troubles du rythme ventriculaire ainsi que des effets indésirables neurologiques par diminution du métabolisme de la phénytoïne.","Association DECONSEILLEE",""
"AMIODARONE","SIMVASTATINE","Risque majoré d'effets indésirables (concentration-dépendants) à type de rhabdomyolyse.","Précaution d'emploi","Ne pas dépasser 20 mg/j de simvastatine ou utiliser une autre statine."
"AMIODARONE","SOFOSBUVIR","Survenue de bradycardie éventuellement brutale, pouvant avoir des conséquences fatales.","Association DECONSEILLEE","Si inévitable, surveillance clinique et ECG étroite (surveillance continue à l'hôpital pendant 48h). Prendre en compte la longue demi-vie de l'amiodarone."
"AMIODARONE","TACROLIMUS","Augmentation des concentrations sanguines de tacrolimus par inhibition de son métabolisme par l'amiodarone.","Précaution d'emploi","Dosage du tacrolimus, contrôle de la fonction rénale et adaptation posologique."
"AMIODARONE","TALAZOPARIB","Augmentation des concentrations de talazoparib avec risque de majoration de la toxicité.","Précaution d'emploi","Réduire la dose de talazoparib."
"AMIODARONE","TAMSULOSINE","Risque de majoration des effets indésirables de la tamsulosine, par inhibition de son métabolisme hépatique.","Précaution d'emploi","Surveillance clinique et adaptation posologique pendant le traitement et après son arrêt."
"AMIODARONE","TOLVAPTAN","Augmentation des concentrations de tolvaptan (diurèse importante, déshydratation, insuffisance rénale aiguë).","Précaution d'emploi","Réduire la posologie de tolvaptan de moitié."
"AMIODARONE","VÉNÉTOCLAX","Risque d'augmentation des effets indésirables du vénétoclax par diminution de son métabolisme hépatique.","Précaution d memploi","Surveillance clinique et biologique régulière (hématologique) et adaptation posologique."
"AMIODARONE","VERAPAMIL","Pour vérapamil IV: risque de bradycardie ou BAV. Pour vérapamil per os: risque de bradycardie ou BAV, notamment chez les personnes âgées.","Association déconseillée / Précaution d'emploi","Association déconseillée avec vérapamil IV (surveillance clinique et ECG continu si inévitable). Précaution d'emploi avec vérapamil per os."
"AMIODARONE","VORICONAZOLE","Risque majoré de troubles du rythme ventriculaire (torsades de pointes) par possible diminution du métabolisme de l'amiodarone.","Précaution d'emploi","Surveillance clinique et ECG, et adaptation éventuelle de la posologie de l'amiodarone."
"AMLODIPINE","SIMVASTATINE","Risque majoré d'effets indésirables (dose-dépendants) à type de rhabdomyolyse.","Précaution d'emploi","Ne pas dépasser la posologie de 20 mg/j de simvastatine ou utiliser une autre statine non concernée."
"AMPHOTERICINE B","AMINOSIDES","Avec l'amphotéricine B administrée par voie IV: risque accru de néphrotoxicité.","A prendre en compte",""
"AMPHOTERICINE B","CICLOSPORINE","Avec l'amphotéricine B IV: augmentation de la créatininémie plus importante que sous ciclosporine seule (synergie des effets néphrotoxiques).","A prendre en compte",""
"AMPHOTERICINE B","TACROLIMUS","Avec l'amphotéricine B IV: augmentation de la créatininémie plus importante que sous tacrolimus seul (synergie des effets néphrotoxiques).","A prendre en compte",""
"AMPHOTERICINE B","ZIDOVUDINE","Avec l'amphotéricine B IV: augmentation de la toxicité hématologique (addition d'effets de toxicité médullaire).","Précaution d'emploi","Contrôle plus fréquent de l'hémogramme."
"ANAGRELIDE","ANTIAGRÉGANTS PLAQUETTAIRES","Majoration des événements hémorragiques.","Association DECONSEILLEE",""
"ANAGRELIDE","OMEPRAZOLE","Risque de moindre efficacité de l'anagrélide par augmentation de son métabolisme par l'oméprazole.","A prendre en compte","Préférer un autre inhibiteur de la pompe à protons."
"ANAGRELIDE","SUBSTANCES SUSCEPTIBLES DE DONNER DES TORSADES DE POINTES","Risque majoré de troubles du rythme ventriculaire, notamment de torsades de pointes.","Précaution d'emploi","Surveillance clinique et électrocardiographique pendant l'association."
"ANAKINRA","ANTI-TNF ALPHA","Risque accru d'infections graves et de neutropénies.","Association DECONSEILLEE",""
"ANAKINRA","ETANERCEPT","Risque accru d'infections graves et de neutropénies.","Association DECONSEILLEE",""
"ANALGÉSIQUES MORPHINIQUES AGONISTES","AUTRES ANALGÉSIQUES MORPHINIQUES AGONISTES","Risque majoré de dépression respiratoire, pouvant être fatale en cas de surdosage.","A prendre en compte",""
"ANALGÉSIQUES MORPHINIQUES AGONISTES","ANTITUSSIFS MORPHINE-LIKE","Risque majoré de dépression respiratoire, pouvant être fatale en cas de surdosage.","A prendre en compte",""
"ANALGÉSIQUES MORPHINIQUES AGONISTES","ANTITUSSIFS MORPHINIQUES VRAIS","Risque majoré de dépression respiratoire, pouvant être fatale en cas de surdosage.","A prendre en compte",""
"ANALGÉSIQUES MORPHINIQUES DE PALIER II","MORPHINIQUES AGONISTES-ANTAGONISTES","Diminution de l'effet antalgique par blocage compétitif des récepteurs, avec risque d'apparition d'un syndrome de sevrage.","Association DECONSEILLEE",""
"ANALGÉSIQUES MORPHINIQUES DE PALIER II","MORPHINIQUES ANTAGONISTES PARTIELS","Risque de diminution de l'effet antalgique.","Association DECONSEILLEE",""
"ANALGÉSIQUES MORPHINIQUES DE PALIER III","MORPHINIQUES AGONISTES-ANTAGONISTES","Diminution de l'effet antalgique par blocage compétitif des récepteurs, avec risque d'apparition d'un syndrome de sevrage.","CONTRE-INDICATION",""
"ANALGÉSIQUES MORPHINIQUES DE PALIER III","MORPHINIQUES ANTAGONISTES PARTIELS","Risque de diminution de l'effet antalgique.","CONTRE-INDICATION",""
"ANALOGUES DE LA SOMATOSTATINE","CICLOSPORINE","Avec ciclosporine orale: baisse des concentrations sanguines de ciclosporine (diminution de son absorption intestinale).","Précaution d'emploi","Augmentation des doses de ciclosporine sous contrôle des concentrations plasmatiques et réduction après l'arrêt."
"ANALOGUES DE LA SOMATOSTATINE","INSULINE","Risque d'hypoglycémie ou d'hyperglycémie (variation des besoins par modification de la sécrétion de glucagon endogène).","Précaution d'emploi","Prévenir du risque, renforcement de l'autosurveillance glycémique et adaptation de la posologie d'insuline."
"ANALOGUES DE LA SOMATOSTATINE","REPAGLINIDE","Risque d'hypoglycémie ou d'hyperglycémie (variation des besoins par modification de la sécrétion de glucagon endogène).","Précaution d'emploi","Renforcer l'autosurveillance glycémique et adapter si besoin la posologie du repaglinide."
"ANALOGUES DE LA SOMATOSTATINE","SULFAMIDES HYPOGLYCEMIANTS","Risque d'hypoglycémie ou d'hyperglycémie (variation des besoins par modification de la sécrétion de glucagon endogène).","Précaution d'emploi","Renforcer l'autosurveillance glycémique et adapter si besoin la posologie du sulfamide."
"ANDROGÈNES","ANTIVITAMINES K","Augmentation du risque hémorragique par effet direct sur la coagulation et/ou les systèmes fibrinolytiques.","Précaution d'emploi","Contrôle plus fréquent de l'INR. Adaptation de la posologie de l'AVK pendant le traitement et après son arrêt."
"ANDROGÈNES","INDUCTEURS ENZYMATIQUES","Risque de diminution des concentrations plasmatiques de l'androgène et de son efficacité par augmentation de son métabolisme.","Précaution d'emploi","Surveillance clinique et biologique pendant l'association et 1 à 2 semaines après l'arrêt de l'inducteur."
"ANESTHÉSIQUES VOLATILS HALOGÉNÉS","ADRENALINE (VOIE BUCCO-DENTAIRE OU SOUS-CUTANÉE)","Troubles du rythme ventriculaire graves par augmentation de l'excitabilité cardiaque.","Précaution d'emploi","Limiter l'apport, par exemple moins de 0,1 mg d'adrénaline en 10 minutes ou 0,3 mg en 1 heure chez l'adulte."
"ANESTHÉSIQUES VOLATILS HALOGÉNÉS","BETA-BLOQUANTS (SAUF ESMOLOL) (Y COMPRIS COLLYRES)","Réduction des réactions cardiovasculaires de compensation. L'inhibition bêta-adrénergique peut être levée durant l'intervention par bêta-mimétiques.","Précaution d'emploi","En règle générale, ne pas arrêter le traitement bêta-bloquant et éviter l'arrêt brutal. Informer l'anesthésiste."
"ANESTHÉSIQUES VOLATILS HALOGÉNÉS","BÊTA-BLOQUANTS DANS L'INSUFFISANCE CARDIAQUE","Réduction des réactions cardiovasculaires de compensation. L'inhibition bêta-adrénergique peut être levée par bêta-stimulants.","Précaution d'emploi","En règle générale, ne pas arrêter le traitement bêta-bloquant et éviter l'arrêt brutal. Informer l'anesthésiste."
"ANESTHÉSIQUES VOLATILS HALOGÉNÉS","ISONIAZIDE","Potentialisation de l'effet hépatotoxique de l'isoniazide, avec formation accrue de métabolites toxiques.","Précaution d'emploi","En cas d'intervention programmée, arrêter par prudence l'isoniazide 1 semaine avant et ne le reprendre que 15 jours après."
"ANESTHÉSIQUES VOLATILS HALOGÉNÉS","ISOPRENALINE","Troubles du rythme ventriculaire graves par augmentation de l'excitabilité cardiaque.","Association DECONSEILLEE",""
"ANESTHÉSIQUES VOLATILS HALOGÉNÉS","SYMPATHOMIMÉTIQUES ALPHA ET BÊTA (VOIE IM ET IV)","Troubles du rythme ventriculaire graves par augmentation de l'excitabilité cardiaque.","A prendre en compte",""
"ANESTHÉSIQUES VOLATILS HALOGÉNÉS","SYMPATHOMIMÉTIQUES INDIRECTS","Poussée hypertensive peropératoire.","Précaution d'emploi","En cas d'intervention programmée, interrompre le traitement quelques jours avant."
"ANTABUSE (RÉACTION)","ALCOOL (BOISSON OU EXCIPIENT)","Effet antabuse (chaleur, rougeurs, vomissements, tachycardie).","Association DECONSEILLEE","Éviter les boissons alcoolisées et médicaments à base d'alcool. Prendre en compte la demi-vie d'élimination."
"ANTAGONISTES DES CANAUX CALCIQUES","IDÉLALISIB","Majoration des effets indésirables de l'antagoniste calcique (hypotension orthostatique, notamment chez le sujet âgé).","Précaution d'emploi","Surveillance clinique et adaptation de la posologie de l'antagoniste calcique pendant le traitement et après son arrêt."
"ANTAGONISTES DES CANAUX CALCIQUES","INDUCTEURS ENZYMATIQUES PUISSANTS","Diminution des concentrations plasmatiques de l'antagoniste du calcium par augmentation de son métabolisme.","Association déconseillée / Précaution d'emploi","Association déconseillée avec la nimodipine. Précaution d'emploi pour les autres: surveillance clinique et adaptation posologique."
"ANTAGONISTES DES CANAUX CALCIQUES","INHIBITEURS PUISSANTS DU CYP3A4","Majoration des effets indésirables de l'antagoniste calcique (hypotension, œdèmes, sujet âgé).","Association déconseillée / Précaution d'emploi","Association déconseillée avec la lercanidipine. Précaution d'emploi avec les autres: surveillance clinique et adaptation posologique."
"ANTAGONISTES DES CANAUX CALCIQUES","RIFAMPICINE","Diminution des concentrations plasmatiques de l'antagoniste du calcium par augmentation de son métabolisme hépatique.","Association déconseillée / Précaution d'emploi","Association déconseillée avec la nimodipine. Précaution d'emploi pour les autres: surveillance clinique et adaptation posologique."
"ANTAGONISTES DES RÉCEPTEURS DE L'ANGIOTENSINE II","ACIDE ACETYLSALICYLIQUE","Doses anti-inflammatoires ou antalgiques/antipyrétiques: Insuffisance rénale aiguë chez le patient à risque. Réduction de l'effet antihypertenseur.","Précaution d'emploi","Hydrater le malade et surveiller la fonction rénale en début de traitement et régulièrement pendant l'association."
"ANTAGONISTES DES RÉCEPTEURS DE L'ANGIOTENSINE II","ANTI-INFLAMMATOIRES NON STÉROÏDIENS","Insuffisance rénale aiguë chez le patient à risque (âgé, déshydraté, diurétiques, altération rénale). Réduction de l'effet antihypertenseur.","Précaution d'emploi","Hydrater le malade et surveiller la fonction rénale en début de traitement et régulièrement pendant l'association."
"ANTAGONISTES DES RÉCEPTEURS DE L'ANGIOTENSINE II","DIURÉTIQUES ÉPARGNEURS DE POTASSIUM (SEULS OU ASSOCIÉS)","Risque d'hyperkaliémie (potentiellement létale) surtout en cas d'insuffisance rénale.","Association déconseillée / Précaution d'emploi","Association déconseillée: contrôle strict kaliémie/fonction rénale si justifiée. Précaution d'emploi pour spironolactone (12.5-50mg/j) ou éplérénone dans l'IC."
"ANTAGONISTES DES RÉCEPTEURS DE L'ANGIOTENSINE II","DIURÉTIQUES HYPOKALIÉMIANTS","Risque d'hypotension artérielle brutale et/ou d'insuffisance rénale aiguë lors de l'instauration en cas de déplétion hydrosodée.","Précaution d'emploi","Arrêter le diurétique ou débuter à doses réduites d'ARA II. Surveiller la fonction rénale (créatininémie)."
"ANTAGONISTES DES RÉCEPTEURS DE L'ANGIOTENSINE II","EPLERENONE","Majoration du risque d'hyperkaliémie, notamment chez le sujet âgé.","Précaution d'emploi","Contrôle strict de la kaliémie et de la fonction rénale pendant l'association."
"ANTAGONISTES DES RÉCEPTEURS DE L'ANGIOTENSINE II","INHIBITEURS DE L'ENZYME DE CONVERSION","Risque accru de dégradation de la fonction rénale (voire IRA), majoration de l'hyperkaliémie, de l'hypotension et des syncopes.","A prendre en compte",""
"ANTAGONISTES DES RÉCEPTEURS DE L'ANGIOTENSINE II","LITHIUM","Augmentation de la lithémie pouvant atteindre des valeurs toxiques (diminution de l'excrétion rénale).","Association DECONSEILLEE","Si indispensable, surveillance stricte de la lithémie et adaptation de la posologie."
"ANTAGONISTES DES RÉCEPTEURS DE L'ANGIOTENSINE II","POTASSIUM","Pour quantité > 1 mmol/prise: hyperkaliémie potentiellement létale, notamment chez l'insuffisant rénal.","Association DECONSEILLEE","Sauf en cas d'hypokaliémie."
"ANTIAGRÉGANTS PLAQUETTAIRES","ANAGRELIDE","Majoration des événements hémorragiques.","Association DECONSEILLEE",""
"ANTIAGRÉGANTS PLAQUETTAIRES","ANTICOAGULANTS ORAUX","Augmentation du risque hémorragique.","A prendre en compte",""
"ANTIAGRÉGANTS PLAQUETTAIRES","ANTI-INFLAMMATOIRES NON STÉROÏDIENS","Augmentation du risque hémorragique, notamment gastro-intestinal.","A prendre en compte",""
"ANTIAGRÉGANTS PLAQUETTAIRES","COBIMÉTINIB","Augmentation du risque hémorragique.","Précaution d'emploi","Surveillance clinique."
"ANTIAGRÉGANTS PLAQUETTAIRES","DÉFIBROTIDE","Risque hémorragique accru.","Association DECONSEILLEE",""
"ANTIAGRÉGANTS PLAQUETTAIRES","HÉPARINES","Augmentation du risque hémorragique.","A prendre en compte",""
"ANTIAGRÉGANTS PLAQUETTAIRES","IBRUTINIB","Augmentation du risque hémorragique.","Précaution d'emploi","Surveillance clinique."
"ANTIAGRÉGANTS PLAQUETTAIRES","INHIBITEURS SÉLECTIFS DE LA RECAPTURE DE LA SÉROTONINE","Augmentation du risque hémorragique.","A prendre en compte",""
"ANTIAGRÉGANTS PLAQUETTAIRES","MÉDICAMENTS MIXTES ADRÉNERGIQUES-SÉROTONINERGIQUES","Augmentation du risque hémorragique.","A prendre en compte",""
"ANTIAGRÉGANTS PLAQUETTAIRES","THROMBOLYTIQUES","Augmentation du risque hémorragique.","A prendre en compte",""
"ANTIARYTHMIQUES","AUTRES ANTIARYTHMIQUES","L'association de deux antiarythmiques est très délicate. Majorité des cas contre-indiquée ou déconseillée.","Contre-indication / Association déconseillée",""
"ANTIARYTHMIQUES CLASSE IA","ESMOLOL","Troubles de la contractilité, de l'automatisme et de la conduction (suppression des mécanismes sympathiques compensateurs).","Précaution d'emploi","Surveillance clinique et ECG."
"ANTIARYTHMIQUES CLASSE IA","INDUCTEURS ENZYMATIQUES PUISSANTS","Diminution des concentrations plasmatiques et de l'efficacité de l'antiarythmique par augmentation de son métabolisme.","Précaution d'emploi","Surveillance clinique, ECG et contrôle plasmatique; adaptation posologique pendant et après l'arrêt."
"ANTIARYTHMIQUES CLASSE IA","RIFAMPICINE","Diminution des concentrations plasmatiques et de l'efficacité de l'antiarythmique (augmentation du métabolisme hépatique).","Précaution d'emploi","Surveillance clinique, ECG et concentration plasmatique; adaptation posologique (risque de surdosage à l'arrêt)."
"ANTICHOLINESTÉRASIQUES","BÊTA-BLOQUANTS DANS L'INSUFFISANCE CARDIAQUE","Risque de bradycardie excessive (addition des effets bradycardisants).","Précaution d'emploi","Surveillance clinique régulière, notamment en début d'association."
"ANTICHOLINESTÉRASIQUES","MÉDICAMENTS ATROPINIQUES","Risque de moindre efficacité de l'anticholinestérasique par antagonisme des récepteurs de l'acétylcholine.","A prendre en compte","Attention au risque de crise cholinergique en cas d'interruption brutale de l'atropinique."
"ANTICHOLINESTÉRASIQUES","PILOCARPINE","Risque d'addition des effets indésirables cholinergiques, notamment digestifs.","A prendre en compte",""
"ANTICHOLINESTÉRASIQUES","SUXAMETHONIUM","Risque d'allongement du bloc moteur, majoré en cas de déficit partiel en pseudocholinestérase.","A prendre en compte",""
"ANTICOAGULANTS ORAUX","AUTRES ANTICOAGULANTS ORAUX","Risque de majoration des événements hémorragiques lors du relais d'un anticoagulant oral par un autre.","A prendre en compte","Tenir compte de la demi-vie et observer un délai de carence. Informer le patient."
"ANTICOAGULANTS ORAUX","ACIDE ACETYLSALICYLIQUE","Majoration du risque hémorragique, notamment en cas d'antécédent d'ulcère gastro-duodénal.","Contre-indication / Association déconseillée / A prendre en compte","CI si doses anti-inflammatoires/antalgiques + antécédent d'ulcère. Association déconseillée si antalgique sans ulcère ou antiagrégant avec ulcère. A prendre en compte si antiagrégant sans ulcère."
"ANTICOAGULANTS ORAUX","ANTIAGRÉGANTS PLAQUETTAIRES","Augmentation du risque hémorragique.","A prendre en compte",""
"ANTICOAGULANTS ORAUX","ANTI-INFLAMMATOIRES NON STÉROÏDIENS","Augmentation du risque hémorragique de l'anticoagulant oral (agression de la muqueuse gastroduodénale par AINS).","Association DECONSEILLEE","Si l'association ne peut être évitée, surveillance clinique étroite, voire biologique."
"ANTICOAGULANTS ORAUX","COBIMÉTINIB","Augmentation du risque hémorragique.","Précaution d'emploi","Surveillance clinique et, le cas échéant, contrôle plus fréquent de l'INR."
"ANTICOAGULANTS ORAUX","DÉFIBROTIDE","Risque hémorragique accru.","Association DECONSEILLEE",""
"ANTICOAGULANTS ORAUX","GLUCOCORTICOÏDES (SAUF HYDROCORTISONE)","Impact sur le métabolisme de l'AVK/facteurs de coagulation. Risque hémorragique propre à la corticothérapie à fortes doses ou > 10 jours.","Précaution d'emploi","Si justifié, renforcer la surveillance (contrôle biologique au 8e jour puis tous les 15 jours pour AVK)."
"ANTICOAGULANTS ORAUX","HÉPARINES","Augmentation du risque hémorragique. AOD ne doivent pas être administrés conjointement à l'héparine.","Contre-indication / Précaution d'emploi","AOD + héparine contre-indiqué. Lors du relais AOD/héparine, respecter l'intervalle. Lors du relais AVK/héparine, renforcer la surveillance."
"ANTICOAGULANTS ORAUX","IBRUTINIB","Augmentation du risque hémorragique.","Association DECONSEILLEE","Si inévitable, surveillance clinique et biologique étroite (INR plus fréquent pour AVK)."
"ANTICOAGULANTS ORAUX","IMATINIB","Augmentation du risque hémorragique. Pour apixaban et rivaroxaban: risque de diminution de leur métabolisme surajouté.","Association DECONSEILLEE","Si inévitable, surveillance clinique et biologique étroite (INR plus fréquent pour AVK)."
"ANTICOAGULANTS ORAUX","INHIBITEURS SÉLECTIFS DE LA RECAPTURE DE LA SÉROTONINE","Augmentation du risque hémorragique.","A prendre en compte",""
"ANTICOAGULANTS ORAUX","IPILIMUMAB","Augmentation du risque d'hémorragies digestives.","Précaution d'emploi","Surveillance clinique étroite."
"ANTICOAGULANTS ORAUX","MÉDICAMENTS MIXTES ADRÉNERGIQUES-SÉROTONINERGIQUES","Augmentation du risque hémorragique.","A prendre en compte",""
"ANTICOAGULANTS ORAUX","THROMBOLYTIQUES","Augmentation du risque hémorragique.","A prendre en compte",""
"ANTICOAGULANTS ORAUX","TRAMADOL","Augmentation du risque hémorragique.","A prendre en compte","Surveillance particulièrement chez le sujet âgé."
"ANTICONVULSIVANTS MÉTABOLISÉS","MILLEPERTUIS","Risque de diminution des concentrations plasmatiques et de l'efficacité de l'anticonvulsivant.","CONTRE-INDICATION",""
"ANTICORPS MONOCLONAUX (HORS ANTI-TNF ALPHA)","VACCINS VIVANTS ATTÉNUÉS","Risque de maladie vaccinale généralisée, éventuellement mortelle.","Association déconseillée / A prendre en compte","Association déconseillée avec anifrolumab, atezolizumab, belimumab, etc. A prendre en compte avec alemtuzumab, amivantamab, cetuximab, denosumab, etc."
"ANTIDÉPRESSEURS IMIPRAMINIQUES","ADRENALINE (VOIE BUCCO-DENTAIRE OU SOUS-CUTANÉE)","Troubles du rythme ventriculaire graves par augmentation de l'excitabilité cardiaque.","Précaution d'emploi","Limiter l'apport: moins de 0,1 mg en 10 minutes ou 0,3 mg en 1 heure chez l'adulte."
"ANTIDÉPRESSEURS IMIPRAMINIQUES","ANTIHYPERTENSEURS CENTRAUX","Risque d'inhibition de l'effet antihypertenseur par l'antidépresseur (antagonisme des récepteurs adrénergiques).","Association DECONSEILLEE",""
"ANTIDÉPRESSEURS IMIPRAMINIQUES","BÊTA-BLOQUANTS DANS L'INSUFFISANCE CARDIAQUE","Effet vasodilatateur et risque d'hypotension, notamment orthostatique (effet additif).","A prendre en compte",""
"ANTIDÉPRESSEURS IMIPRAMINIQUES","INHIBITEURS SÉLECTIFS DE LA RECAPTURE DE LA SÉROTONINE","Augmentation des concentrations d'imipraminique avec risque de convulsions et augmentation des effets indésirables.","Précaution d'emploi","Surveillance clinique accrue et adaptation posologique si nécessaire."
"ANTIDÉPRESSEURS IMIPRAMINIQUES","ORLISTAT","Risque d'échec thérapeutique en cas de traitement concomitant par orlistat.","A prendre en compte",""
"ANTIDÉPRESSEURS IMIPRAMINIQUES","SYMPATHOMIMÉTIQUES ALPHA ET BÊTA (VOIE IM ET IV)","Hypertension paroxystique avec possibilité de troubles du rythme.","Association DECONSEILLEE",""
"ANTIHYPERTENSEURS ALPHA-BLOQUANTS","ALPHABLOQUANTS À VISÉE UROLOGIQUE","Majoration de l'effet hypotenseur. Risque d'hypotension orthostatique sévère.","Association DECONSEILLEE",""
"ANTIHYPERTENSEURS ALPHA-BLOQUANTS","ANTIHYPERTENSEURS SAUF ALPHA-BLOQUANTS","Majoration de l'effet hypotenseur. Risque majoré d'hypotension orthostatique.","A prendre en compte",""
"ANTIHYPERTENSEURS ALPHA-BLOQUANTS","INHIBITEURS DE LA PHOSPHODIESTERASE DE TYPE 5","Risque d'hypotension orthostatique, notamment chez le sujet âgé.","Association déconseillée / Précaution d'emploi","Association déconseillée avec doxazosine. Précaution d'emploi avec les autres (débuter aux posologies minimales)."
"ANTIHYPERTENSEURS CENTRAUX","ANTIDÉPRESSEURS IMIPRAMINIQUES","Risque d'inhibition de l'effet antihypertenseur par l'antidépresseur.","Association DECONSEILLEE",""
"ANTIHYPERTENSEURS CENTRAUX","BÊTA-BLOQUANTS (SAUF ESMOLOL) (Y COMPRIS COLLYRES)","Augmentation importante de la pression artérielle en cas d'arrêt brutal de l'antihypertenseur central.","Précaution d'emploi","Éviter l'arrêt brutal du traitement antihypertenseur central. Surveillance clinique."
"ANTIHYPERTENSEURS CENTRAUX","BÊTA-BLOQUANTS DANS L'INSUFFISANCE CARDIAQUE","Diminution du tonus sympathique et effet vasodilatateur préjudiciables en cas d'insuffisance cardiaque.","Association DECONSEILLEE",""
"ANTIHYPERTENSEURS CENTRAUX","DILTIAZEM","Troubles de l'automatisme (troubles de la conduction AV par addition des effets négatifs).","A prendre en compte",""
"ANTIHYPERTENSEURS CENTRAUX","VERAPAMIL","Troubles de l'automatisme (troubles de la conduction AV par addition des effets négatifs).","A prendre en compte",""
"ANTIHYPERTENSEURS CENTRAUX","YOHIMBINE","Inhibition possible de l'activité antihypertensive par antagonisme au niveau des récepteurs.","Association DECONSEILLEE",""
"ANTIHYPERTENSEURS SAUF ALPHA-BLOQUANTS","ALPHABLOQUANTS À VISÉE UROLOGIQUE","Majoration de l'effet hypotenseur. Risque d'hypotension orthostatique majoré.","A prendre en compte",""
"ANTIHYPERTENSEURS SAUF ALPHA-BLOQUANTS","ANTIHYPERTENSEURS ALPHA-BLOQUANTS","Majoration de l'effet hypotenseur. Risque majoré d'hypotension orthostatique.","A prendre en compte",""
"ANTI-INFLAMMATOIRES NON STÉROÏDIENS","AUTRES ANTI-INFLAMMATOIRES NON STÉROÏDIENS","Majoration du risque ulcérogène et hémorragique digestif.","Association DECONSEILLEE",""
"ANTI-INFLAMMATOIRES NON STÉROÏDIENS","ACIDE ACETYLSALICYLIQUE","Majoration du risque ulcérogène et hémorragique digestif.","Association déconseillée / A prendre en compte","Association déconseillée à doses anti-inflammatoires ou antalgiques/antipyrétiques d'AAS. A prendre en compte avec doses antiagrégantes."
"ANTI-INFLAMMATOIRES NON STÉROÏDIENS","ANTAGONISTES DES RÉCEPTEURS DE L'ANGIOTENSINE II","Insuffisance rénale aiguë chez le patient à risque (âgé, déshydraté, diurétiques, altération rénale). Réduction de l'effet antihypertenseur.","Précaution d'emploi","Hydrater le malade et surveiller la fonction rénale en début de traitement et régulièrement pendant l'association."
"ANTI-INFLAMMATOIRES NON STÉROÏDIENS","ANTIAGRÉGANTS PLAQUETTAIRES","Augmentation du risque hémorragique, notamment gastro-intestinal.","A prendre en compte",""
"ANTI-INFLAMMATOIRES NON STÉROÏDIENS","ANTICOAGULANTS ORAUX","Augmentation du risque hémorragique de l'anticoagulant oral (agression de la muqueuse gastroduodénale par AINS).","Association DECONSEILLEE","Si l'association ne peut être évitée, surveillance clinique étroite, voire biologique."
"ANTI-INFLAMMATOIRES NON STÉROÏDIENS","BÊTA-BLOQUANTS (SAUF ESMOLOL) (Y COMPRIS COLLYRES)","Réduction de l'effet antihypertenseur (inhibition des prostaglandines vasodilatatrices).","A prendre en compte",""
"ANTI-INFLAMMATOIRES NON STÉROÏDIENS","CICLOSPORINE","Risque d'addition des effets néphrotoxiques, notamment chez le sujet âgé.","Précaution d'emploi","Surveiller la fonction rénale en début de traitement par l'AINS."
"ANTI-INFLAMMATOIRES NON STÉROÏDIENS","COBIMÉTINIB","Augmentation du risque hémorragique.","Précaution d'emploi","Surveillance clinique."
"ANTI-INFLAMMATOIRES NON STÉROÏDIENS","DEFERASIROX","Majoration du risque ulcérogène et hémorragique digestif.","A prendre en compte",""
"ANTI-INFLAMMATOIRES NON STÉROÏDIENS","DIURÉTIQUES","Insuffisance rénale aiguë chez le patient à risque (âgé, déshydraté, sous diurétiques). Réduction de l'effet antihypertenseur.","Précaution d'emploi","Hydrater le malade et surveiller la fonction rénale en début de traitement et régulièrement pendant l'association."
"ANTI-INFLAMMATOIRES NON STÉROÏDIENS","GLUCOCORTICOÏDES (SAUF HYDROCORTISONE)","Augmentation du risque d'ulcération et d'hémorragie gastro-intestinale.","A prendre en compte",""
"ANTI-INFLAMMATOIRES NON STÉROÏDIENS","HÉPARINES (DOSES CURATIVES ET/OU SUJET ÂGÉ)","Augmentation du risque hémorragique (agression de la muqueuse gastroduodénale par l'AINS).","Association DECONSEILLEE","Si l'association ne peut être évitée, surveillance clinique étroite."
"ANTI-INFLAMMATOIRES NON STÉROÏDIENS","HÉPARINES (DOSES PRÉVENTIVES)","Augmentation du risque hémorragique.","A prendre en compte",""
"ANTI-INFLAMMATOIRES NON STÉROÏDIENS","INHIBITEURS DE L'ENZYME DE CONVERSION","Insuffisance rénale aiguë chez le patient à risque. Réduction de l'effet antihypertenseur.","Précaution d'emploi","Hydrater le malade et surveiller la fonction rénale en début de traitement et régulièrement pendant l'association."
"ANTI-INFLAMMATOIRES NON STÉROÏDIENS","INHIBITEURS SÉLECTIFS DE LA RECAPTURE DE LA SÉROTONINE","Majoration du risque hémorragique.","A prendre en compte",""
"ANTI-INFLAMMATOIRES NON STÉROÏDIENS","LITHIUM","Augmentation de la lithémie pouvant atteindre des valeurs toxiques (diminution de l'excrétion rénale du lithium).","Association DECONSEILLEE","Si inévitable, surveiller étroitement la lithémie et adapter la posologie du lithium."
"ANTI-INFLAMMATOIRES NON STÉROÏDIENS","MÉDICAMENTS MIXTES ADRÉNERGIQUES-SÉROTONINERGIQUES","Augmentation du risque hémorragique.","A prendre en compte",""
"ANTI-INFLAMMATOIRES NON STÉROÏDIENS","METHOTREXATE","Augmentation de la toxicité hématologique du méthotrexate (diminution de sa clairance rénale par AINS).","Association déconseillée / Précaution d'emploi","Méthotrexate > 20 mg/semaine: association déconseillée. Kétoprofène: respecter délai de 12h. Méthotrexate <= 20 mg/semaine: précaution d'emploi."
"ANTI-INFLAMMATOIRES NON STÉROÏDIENS","MIFAMURTIDE","Aux doses élevées d'AINS, risque de moindre efficacité du mifamurtide.","CONTRE-INDICATION",""
"ANTI-INFLAMMATOIRES NON STÉROÏDIENS","NICORANDIL","Majoration du risque ulcérogène et hémorragique digestif.","Association DECONSEILLEE",""
"ANTI-INFLAMMATOIRES NON STÉROÏDIENS","PEMETREXED","Risque de majoration de la toxicité du pemetrexed (diminution de sa clairance rénale par les AINS).","Association déconseillée / Précaution d'emploi","Association déconseillée en cas de fonction rénale faible à modérée. Précaution d'emploi si fonction rénale normale."
"ANTI-INFLAMMATOIRES NON STÉROÏDIENS","TACROLIMUS","Risque d'addition des effets néphrotoxiques, notamment chez le sujet âgé.","Précaution d'emploi","Surveiller la fonction rénale en début de traitement par l'AINS."
"ANTI-INFLAMMATOIRES NON STÉROÏDIENS","TENOFOVIR DISOPROXIL","Risque de majoration de la néphrotoxicité du ténofovir, notamment avec doses élevées d'AINS ou facteurs de risque.","Précaution d'emploi","En cas d'association, surveiller la fonction rénale."
"ANTIPARASITAIRES SUSCEPTIBLES DE DONNER DES TORSADES DE POINTES","SUBSTANCES SUSCEPTIBLES DE DONNER DES TORSADES DE POINTES","Risque majoré de troubles du rythme ventriculaire, notamment de torsades de pointes.","CONTRE-INDICATION / Association DECONSEILLEE","CI avec citalopram, dompéridone, escitalopram, hydroxyzine, pipéraquine. Association déconseillée avec autres torsadogènes."
"ANTIPARKINSONIENS ANTICHOLINEPGIQUES","ALCALOÏDES DE L'ERGOT DE SEIGLE DOPAMINERGIQUES","Risque de majoration des troubles neuropsychiques.","Précaution d'emploi","Surveillance clinique et biologique régulière, notamment en début d'association."
"ANTIPARKINSONIENS DOPAMINERGIQUES","NEUROLEPTIQUES ANTIPSYCHOTIQUES (SAUF CLOZAPINE)","Antagonisme réciproque du dopaminergique et des neuroleptiques. Le dopaminergique peut provoquer ou aggraver les troubles psychotiques.","Association DECONSEILLEE","En cas de nécessité de neuroleptique, diminuer le dopaminergique progressivement jusqu'à l'arrêt."
"ANTIPURINES","ANTIVITAMINES K","Augmentation du risque hémorragique.","Précaution d'emploi","Contrôle plus fréquent de l'INR. Adaptation de la posologie d'AVK à l'initiation et après l'arrêt."
"ANTIPURINES","DÉRIVÉS DE L'ACIDE AMINOSALICYLIQUE (ASA)","Risque de majoration de l'effet myélosuppresseur par inhibition du métabolisme hépatique de l'immunomodulateur.","A prendre en compte",""
"ANTIPURINES","INHIBITEURS DE LA XANTHINE OXYDASE","Insuffisance médullaire éventuellement grave.","CONTRE-INDICATION",""
"ANTIPURINES","RIBAVIRINE","Risque majoré d'effets indésirables graves, par inhibition du métabolisme de l'immunomodulateur par la ribavirine.","Association DECONSEILLEE",""
"ANTISÉCRÉTOIRES ANTIHISTAMINIQUES H2","ATAZANAVIR","Risque de diminution des concentrations plasmatiques de l'atazanavir.","A prendre en compte",""
"ANTISÉCRÉTOIRES ANTIHISTAMINIQUES H2","CYANOCOBALAMINE","Risque de carence en cyanocobalamine après traitement prolongé (quelques années) par diminution de l'absorption digestive.","A prendre en compte",""
"ANTISÉCRÉTOIRES ANTIHISTAMINIQUES H2","INHIBITEURS DE TYROSINE KINASES MÉTABOLISÉS","Risque de diminution de la biodisponibilité de l'ITK en raison de son absorption pH-dépendante.","A prendre en compte","Sauf avec entrectinib et vandétanib."
"ANTISÉCRÉTOIRES ANTIHISTAMINIQUES H2","ITRACONAZOLE","Diminution de l'absorption de l'azolé antifongique, par augmentation du pH intragastrique par l'antisécrétoire.","A prendre en compte",""
"ANTISÉCRÉTOIRES ANTIHISTAMINIQUES H2","KETOCONAZOLE","Diminution de l'absorption de l'azolé antifongique, par augmentation du pH intragastrique par l'antisécrétoire.","A prendre en compte",""
"ANTISÉCRÉTOIRES ANTIHISTAMINIQUES H2","POSACONAZOLE","Diminution de l'absorption de l'azolé antifongique, par augmentation du pH intragastrique par l'antisécrétoire.","Association DECONSEILLEE","Uniquement avec la forme suspension buvable de posaconazole."
"ANTISÉCRÉTOIRES ANTIHISTAMINIQUES H2","RILPIVIRINE","Risque de diminution des concentrations plasmatiques de la rilpivirine.","A prendre en compte","Si nécessaire, utiliser un anti-H2 en 1 prise/j, au moins 12h avant ou 4h après."
"ANTISÉCRÉTOIRES ANTIHISTAMINIQUES H2","SOTORASIB","Risque de diminution de l'effet du sotorasib, par diminution de son absorption.","A prendre en compte",""
"ANTISÉCRÉTOIRES ANTIHISTAMINIQUES H2","ULIPRISTAL","Risque de diminution de l'effet de l'ulipristal, par diminution de son absorption.","A prendre en compte",""
"ANTISÉCRÉTOIRES INHIBITEURS DE LA POMPE À PROTONS","ATAZANAVIR","Diminution très importante des concentrations plasmatiques de l'atazanavir, avec risque d'échec thérapeutique.","Association DECONSEILLEE",""
"ANTISÉCRÉTOIRES INHIBITEURS DE LA POMPE À PROTONS","CYANOCOBALAMINE","Risque de carence en cyanocobalamine après traitement prolongé (quelques années) par diminution de l'absorption.","A prendre en compte",""
"ANTISÉCRÉTOIRES INHIBITEURS DE LA POMPE À PROTONS","HORMONES THYROIDIENNES","Diminution probable de l'absorption des hormones thyroïdiennes par augmentation du pH intra-gastrique.","Précaution d'emploi","Contrôle clinique et biologique régulier, avec augmentation éventuelle de la posologie des hormones thyroïdiennes."
"ANTISÉCRÉTOIRES INHIBITEURS DE LA POMPE À PROTONS","INHIBITEURS DE TYROSINE KINASES MÉTABOLISÉS","Risque de diminution de la biodisponibilité de l'ITK en raison de son absorption pH-dépendante.","A prendre en compte","Sauf avec entrectinib, fédratinib, imatinib, tucatinib et vandétanib."
"ANTISÉCRÉTOIRES INHIBITEURS DE LA POMPE À PROTONS","ITRACONAZOLE","Diminution de l'absorption de l'azolé antifongique, par augmentation du pH intragastrique.","A prendre en compte",""
"ANTISÉCRÉTOIRES INHIBITEURS DE LA POMPE À PROTONS","KETOCONAZOLE","Diminution de l'absorption de l'azolé antifongique, par augmentation du pH intragastrique.","A prendre en compte",""
"ANTISÉCRÉTOIRES INHIBITEURS DE LA POMPE À PROTONS","LÉDIPASVIR","Diminution des concentrations du lédipasvir en cas d'administration de l'IPP avant le lédipasvir.","Précaution d'emploi","Prendre l'IPP et le lédipasvir simultanément."
"ANTISÉCRÉTOIRES INHIBITEURS DE LA POMPE À PROTONS","METHOTREXATE","Risque d'augmentation de la toxicité du méthotrexate par diminution de son élimination.","Association déconseillée / A prendre en compte","Association déconseillée avec méthotrexate > 20 mg/semaine. A prendre en compte pour doses inférieures."
"ANTISÉCRÉTOIRES INHIBITEURS DE LA POMPE À PROTONS","MILLEPERTUIS","Risque d'inefficacité du traitement antisécrétoire par augmentation de son métabolisme par le millepertuis.","A prendre en compte",""
"ANTISÉCRÉTOIRES INHIBITEURS DE LA POMPE À PROTONS","MYCOPHENOLATE MOFETIL","Diminution des concentrations de l'acide mycophénolique d'environ un tiers, avec risque potentiel de baisse d'efficacité.","A prendre en compte",""
"ANTISÉCRÉTOIRES INHIBITEURS DE LA POMPE À PROTONS","POSACONAZOLE","Diminution de l'absorption de l'azolé antifongique, par augmentation du pH intragastrique.","Association DECONSEILLEE","Uniquement avec la forme suspension buvable de posaconazole."
"ANTISÉCRÉTOIRES INHIBITEURS DE LA POMPE À PROTONS","RILPIVIRINE","Diminution des concentrations plasmatiques de rilpivirine par l'IPP (absorption diminuée en raison de l'augmentation du pH).","CONTRE-INDICATION",""
"ANTISÉCRÉTOIRES INHIBITEURS DE LA POMPE À PROTONS","SOTORASIB","Risque de diminution de l'effet du sotorasib, par diminution de son absorption.","A prendre en compte",""
"ANTISÉCRÉTOIRES INHIBITEURS DE LA POMPE À PROTONS","ULIPRISTAL","Risque de diminution de l'effet de l'ulipristal, par diminution de son absorption.","A prendre en compte",""
"ANTISÉCRÉTOIRES INHIBITEURS DE LA POMPE À PROTONS","VELPATASVIR","Diminution des concentrations de velpatasvir et de sofosbuvir.","Association DECONSEILLEE","Si inévitable, la bithérapie velpatasvir/sofosbuvir doit être prise au moment du repas, ou 4h avant la prise d'un IPP à dose minimale."
"ANTISEPTIQUES MERCURIELS","POVIDONE IODÉE","Érythèmes, phlyctènes, voire nécrose cutanéo-muqueuse (formation d'un complexe caustique).","Association DECONSEILLEE",""
"ANTISPASMODIQUES URINAIRES","INHIBITEURS PUISSANTS DU CYP3A4","Risque de majoration des effets indésirables.","CONTRE-INDICATION / Association DECONSEILLEE / Précaution d'emploi / A prendre en compte","CI: darifénacine, fésotérodine/solifénacine (si IR/IH modérée à sévère). Déconseillé: toltérodine. Précaution: fésotérodine/solifénacine (réduire dose à 4-5mg). A prendre en compte: oxybutynine."
"ANTI-TNF ALPHA","ABATACEPT","Majoration de l'immunodépression.","Association DECONSEILLEE",""
"ANTI-TNF ALPHA","ANAKINRA","Risque accru d'infections graves et de neutropénies.","Association DECONSEILLEE",""
"ANTI-TNF ALPHA","CANAKINUMAB","Risque de majoration des infections graves.","Association DECONSEILLEE",""
"ANTI-TNF ALPHA","VACCINS VIVANTS ATTÉNUÉS","Risque de maladie vaccinale généralisée éventuellement mortelle.","CONTRE-INDICATION","Et pendant les 3 mois suivant l'arrêt du traitement."
"ANTITUSSIFS MORPHINE-LIKE","ANALGÉSIQUES MORPHINIQUES AGONISTES","Risque majoré de dépression respiratoire, pouvant être fatale en cas de surdosage.","A prendre en compte",""
"ANTITUSSIFS MORPHINE-LIKE","METHADONE","Risque majoré de dépression respiratoire, pouvant être fatale en cas de surdosage.","A prendre en compte",""
"ANTITUSSIFS MORPHINIQUES VRAIS","ANALGÉSIQUES MORPHINIQUES AGONISTES","Risque majoré de dépression respiratoire, pouvant être fatale en cas de surdosage.","A prendre en compte",""
"ANTITUSSIFS MORPHINIQUES VRAIS","METHADONE","Risque majoré de dépression respiratoire, pouvant être fatale en cas de surdosage.","A prendre en compte",""
"ANTITUSSIFS MORPHINIQUES VRAIS","MORPHINIQUES AGONISTES-ANTAGONISTES","Diminution de l'effet antalgique ou antitussif, avec risque d'apparition d'un syndrome de sevrage.","Association DECONSEILLEE",""
"ANTIVITAMINES K","ALLOPURINOL","Augmentation du risque hémorragique.","Précaution d'emploi","Contrôle plus fréquent de l'INR. Adaptation éventuelle de la posologie d'AVK pendant le traitement et 8 jours après son arrêt."
"ANTIVITAMINES K","AMIODARONE","Augmentation de l'effet de l'antivitamine K et du risque hémorragique.","Précaution d'emploi","Contrôle plus fréquent de l'INR. Adaptation éventuelle de la posologie d'AVK pendant le traitement et jusqu'à 4 semaines après son arrêt."
"ANTIVITAMINES K","ANDROGÈNES","Augmentation du risque hémorragique par effet direct sur la coagulation et/ou les systèmes fibrinolytiques.","Précaution d'emploi","Contrôle plus fréquent de l'INR. Adaptation de la posologie d'AVK pendant le traitement et après son arrêt."
"ANTIVITAMINES K","ANTIPURINES","Augmentation du risque hémorragique.","Précaution d'emploi","Contrôle plus fréquent de l'INR. Adaptation éventuelle de la posologie d'AVK à l'initiation et après l'arrêt."
"ANTIVITAMINES K","APREPITANT","Risque de diminution de l'effet de l'antivitamine K par augmentation de son métabolisme hépatique par l'aprépitant.","A prendre en compte",""
"ANTIVITAMINES K","BOSENTAN","Diminution de l'effet de l'antivitamine K par augmentation de son métabolisme hépatique.","Précaution d'emploi","Contrôle plus fréquent de l'INR. Adaptation éventuelle de la posologie de l'antivitamine K."
"ANTIVITAMINES K","CEFAMANDOLE","Augmentation de l'effet de l'antivitamine K et du risque hémorragique.","Précaution d'emploi","Contrôle plus fréquent de l'INR. Adaptation éventuelle de la posologie d'AVK pendant le traitement et après son arrêt."
"ANTIVITAMINES K","CEFAZOLINE","Augmentation de l'effet de l'antivitamine K et du risque hémorragique.","Précaution d'emploi","Contrôle plus fréquent de l'INR. Adaptation éventuelle de la posologie d'AVK pendant le traitement et après son arrêt."
"ANTIVITAMINES K","CEFTRIAXONE","Augmentation de l'effet de l'antivitamine K et du risque hémorragique.","Précaution d'emploi","Contrôle plus fréquent de l'INR. Adaptation éventuelle de la posologie d'AVK pendant le traitement et après son arrêt."
"ANTIVITAMINES K","CIMETIDINE","Avec cimétidine >= 800 mg/j: augmentation de l'effet de l'antivitamine K et du risque hémorragique (diminution du métabolisme hépatique).","A prendre en compte",""
"ANTIVITAMINES K","CLINDAMYCINE","Augmentation de l'effet de l'antivitamine K et du risque hémorragique.","Précaution d'emploi","Contrôle plus fréquent de l'INR. Adaptation éventuelle de la posologie d'AVK pendant le traitement et après son arrêt."
"ANTIVITAMINES K","COLCHICINE","Augmentation de l'effet de l'antivitamine K et du risque hémorragique.","Précaution d'emploi","Contrôle plus fréquent de l'INR. Adaptation éventuelle de la posologie d'AVK pendant le traitement et 8 jours après son arrêt."
"ANTIVITAMINES K","CYCLINES","Augmentation de l'effet de l'antivitamine K et du risque hémorragique (effet direct sur la coagulation pour la tigécycline).","Précaution d'emploi","Contrôle plus fréquent de l'INR. Adaptation éventuelle de la posologie d'AVK pendant le traitement et après son arrêt."
"ANTIVITAMINES K","CYTOTOXIQUES","Augmentation du risque thrombotique et hémorragique au cours des affections tumorales. Possible interaction AVK / chimiothérapie.","Précaution d'emploi","Contrôle plus fréquent de l'INR."
"ANTIVITAMINES K","DANAZOL","Augmentation du risque hémorragique par effet direct sur la coagulation et/ou les systèmes fibrinolytiques.","Précaution d'emploi","Contrôle plus fréquent de l'INR. Adaptation de la posologie d'AVK pendant le traitement et après son arrêt."
"ANTIVITAMINES K","DEFERASIROX","Majoration du risque ulcérogène et hémorragique digestif.","A prendre en compte",""
"ANTIVITAMINES K","DISULFIRAME","Augmentation de l'effet de l'antivitamine K et du risque hémorragique.","Précaution d'emploi","Contrôle plus fréquent de l'INR. Adaptation de la posologie d'AVK pendant le traitement et 8 jours après son arrêt."
"ANTIVITAMINES K","ECONAZOLE","Quelle que soit la voie d'administration: augmentation de l'effet de l'antivitamine K et du risque hémorragique.","Précaution d'emploi","Contrôle plus fréquent de l'INR. Adaptation éventuelle de la posologie d'AVK pendant le traitement et après son arrêt."
"ANTIVITAMINES K","EFAVIRENZ","Diminution de l'effet de l'antivitamine K par augmentation de son métabolisme hépatique.","Précaution d'emploi","Contrôle plus fréquent de l'INR. Adaptation éventuelle de la posologie de l'antivitamine K."
"ANTIVITAMINES K","FIBRATES","Augmentation de l'effet de l'antivitamine K et du risque hémorragique.","Précaution d'emploi","Contrôle plus fréquent de l'INR. Adaptation éventuelle de la posologie d'AVK pendant le traitement et 8 jours après son arrêt."
"ANTIVITAMINES K","FLUCONAZOLE","Augmentation de l'effet de l'antivitamine K et du risque hémorragique.","Précaution d'emploi","Contrôle plus fréquent de l'INR. Adaptation éventuelle de la posologie d'AVK pendant le traitement et 8 jours après son arrêt."
"ANTIVITAMINES K","FLUOROQUINOLONES","Augmentation de l'effet de l'antivitamine K et du risque hémorragique.","Précaution d'emploi","Contrôle plus fréquent de l'INR. Adaptation éventuelle de la posologie d'AVK pendant le traitement et après son arrêt."
"ANTIVITAMINES K","FLUOROURACILE (ET, PAR EXTRAPOLATION, AUTRES FLUOROPYRIMIDINES)","Augmentation importante de l'effet de l'antivitamine K et du risque hémorragique.","Association DECONSEILLEE","Si elle ne peut être évitée, contrôle plus fréquent de l'INR. Adaptation de la posologie d'AVK pendant le traitement et 8 jours après l'arrêt."
"ANTIVITAMINES K","GLUCOSAMINE","Augmentation du risque hémorragique.","Précaution d'emploi","Contrôle plus fréquent de l'INR. Adaptation éventuelle de la posologie de l'antivitamine K."
"ANTIVITAMINES K","INDUCTEURS ENZYMATIQUES PUISSANTS","Diminution (ou, rarement, augmentation avec la phénytoïne) de l'effet de l'antivitamine K par augmentation de son métabolisme.","Précaution d'emploi","Contrôle plus fréquent de l'INR. Adaptation éventuelle de la posologie d'AVK pendant le traitement et 8 jours après son arrêt."
"ANTIVITAMINES K","INHIBITEURS DE L'HMG-COA RÉDUCTASE (STATINES)","Augmentation de l'effet de l'antivitamine K et du risque hémorragique.","Précaution d'emploi","Contrôle plus fréquent de l'INR. Adaptation éventuelle de la posologie de l'antivitamine K."
"ANTIVITAMINES K","INHIBITEURS DE PROTÉASES BOOSTÉS PAR RITONAVIR","Variation de l'effet de l'antivitamine K, le plus souvent dans le sens d'une diminution.","Précaution d'emploi","Contrôle plus fréquent de l'INR. Adaptation éventuelle de la posologie d'AVK pendant la durée du traitement."
"ANTIVITAMINES K","LEVOCARNITINE","Augmentation de l'effet de l'antivitamine K et du risque hémorragique.","Précaution d'emploi","Contrôle plus fréquent de l'INR. Adaptation éventuelle de la posologie d'AVK pendant le traitement et 8 jours après son arrêt."
"ANTIVITAMINES K","MACROLIDES (SAUF SPIRAMYCINE)","Augmentation de l'effet de l'antivitamine K et du risque hémorragique.","Précaution d'emploi","Contrôle plus fréquent de l'INR. Adaptation éventuelle de la posologie d'AVK pendant le traitement et après son arrêt."
"ANTIVITAMINES K","METHYLPREDNISOLONE","Pour des doses de 0,5 à 1g en bolus: augmentation de l'effet de l'antivitamine K et du risque hémorragique.","Précaution d'emploi","Contrôle de l'INR 2 à 4 jours après le bolus ou en présence de tous signes hémorragiques."
"ANTIVITAMINES K","MICONAZOLE","Hémorragies imprévisibles, éventuellement graves.","CONTRE-INDICATION",""
"ANTIVITAMINES K","MILLEPERTUIS","Diminution des concentrations d'AVK (effet inducteur), risque d'annulation de l'effet et d'événement thrombotique.","CONTRE-INDICATION","Ne pas interrompre brutalement le millepertuis si association fortuite, contrôler l'INR avant et après l'arrêt."
"ANTIVITAMINES K","NEVIRAPINE","Diminution de l'effet de l'antivitamine K par augmentation de son métabolisme hépatique.","Précaution d'emploi","Contrôle plus fréquent de l'INR. Adaptation éventuelle de la posologie de l'antivitamine K."
"ANTIVITAMINES K","NOSCAPINE","Augmentation de l'effet de l'antivitamine K et du risque hémorragique.","Association DECONSEILLEE",""
"ANTIVITAMINES K","ORLISTAT","Augmentation de l'effet de l'antivitamine K et du risque hémorragique.","Précaution d'emploi","Contrôle plus fréquent de l'INR. Adaptation éventuelle de la posologie d'AVK pendant le traitement et après son arrêt."
"ANTIVITAMINES K","PARACETAMOL","Risque d'augmentation de l'effet de l'AVK et du risque hémorragique lors de prises aux doses maximales (4 g/j) pendant au moins 4 jours.","Précaution d'emploi","Contrôle plus fréquent de l'INR. Adaptation éventuelle de la posologie d'AVK pendant le traitement et après son arrêt."
"ANTIVITAMINES K","PENTOXIFYLLINE","Augmentation du risque hémorragique.","Précaution d'emploi","Contrôle plus fréquent de l'INR. Adaptation éventuelle de la posologie d'AVK pendant le traitement et 8 jours après son arrêt."
"ANTIVITAMINES K","PRISTINAMYCINE","Augmentation de l'effet de l'antivitamine K et du risque hémorragique.","Précaution d'emploi","Contrôle plus fréquent de l'INR. Adaptation éventuelle de la posologie d'AVK pendant le traitement et après son arrêt."
"ANTIVITAMINES K","PROGUANIL","Risque d'augmentation de l'effet de l'antivitamine K et du risque hémorragique.","Précaution d'emploi","Contrôle plus fréquent de l'INR. Adaptation éventuelle de la posologie d'AVK pendant le traitement et après son arrêt."
"ANTIVITAMINES K","RIFAMPICINE","Diminution de l'effet de l'antivitamine K par augmentation de son métabolisme hépatique par la rifampicine.","Précaution d'emploi","Contrôle plus fréquent de l'INR. Adaptation éventuelle de la posologie d'AVK pendant le traitement et 8 jours après son arrêt."
"ANTIVITAMINES K","ROPINIROLE","Augmentation du risque hémorragique.","Précaution d'emploi","Contrôle plus fréquent de l'INR. Adaptation éventuelle de la posologie d'AVK pendant le traitement et après son arrêt."
"ANTIVITAMINES K","SULFAMETHOXAZOLE","Augmentation importante de l'effet de l'antivitamine K et du risque hémorragique.","Association DECONSEILLEE","Si inévitable, contrôle plus fréquent de l'INR et adaptation posologique pendant le traitement et après son arrêt."
"ANTIVITAMINES K","TAMOXIFENE","Risque d'augmentation de l'effet de l'antivitamine K et du risque hémorragique.","Précaution d'emploi","Contrôle plus fréquent de l'INR. Adaptation éventuelle de la posologie de l'antivitamine K."
"ANTIVITAMINES K","TIBOLONE","Augmentation de l'effet de l'antivitamine K et du risque hémorragique.","Précaution d'emploi","Contrôle plus fréquent de l'INR. Adaptation éventuelle de la posologie d'AVK pendant le traitement et après son arrêt."
"ANTIVITAMINES K","VORICONAZOLE","Augmentation de l'effet de l'antivitamine K et du risque hémorragique par diminution de son métabolisme hépatique.","Précaution d'emploi","Contrôle plus fréquent de l'INR. Adaptation éventuelle de la posologie d'AVK pendant le traitement et 8 jours après son arrêt."
"APALUTAMIDE","ATORVASTATINE","Risque de diminution très importante des concentrations d'atorvastatine et perte d'efficacité par augmentation de son métabolisme.","Association DECONSEILLEE",""
"APALUTAMIDE","CABAZITAXEL","Risque de diminution très importante des concentrations du cabazitaxel et perte d'efficacité par augmentation de son métabolisme.","Association DECONSEILLEE",""
"APALUTAMIDE","DOCETAXEL","Risque de diminution très importante des concentrations du docétaxel et perte d'efficacité par augmentation de son métabolisme.","Association DECONSEILLEE",""
"APALUTAMIDE","IMMUNOSUPPRESSEURS","Risque de diminution très importante des concentrations des immunosuppresseurs et perte d'efficacité par augmentation de leur métabolisme.","Association DECONSEILLEE",""
"APALUTAMIDE","METHADONE","Risque de diminution très importante des concentrations de la méthadone et perte d'efficacité par augmentation de son métabolisme.","Association DECONSEILLEE",""
"APALUTAMIDE","OLAPARIB","Risque de diminution très importante des concentrations de l'olaparib et perte d'efficacité par augmentation de son métabolisme.","Association DECONSEILLEE",""
"APALUTAMIDE","OMEPRAZOLE","Risque de diminution très importante des concentrations de l'oméprazole et perte d'efficacité par augmentation de son métabolisme.","Association DECONSEILLEE",""
"APALUTAMIDE","PIMOZIDE","Risque de diminution très importante des concentrations du pimozide et perte d'efficacité par augmentation de son métabolisme.","Association DECONSEILLEE",""
"APALUTAMIDE","SIMVASTATINE","Risque de diminution très importante des concentrations de la simvastatine et perte d'efficacité par augmentation de son métabolisme.","Association DECONSEILLEE",""
"APIXABAN","FLUCONAZOLE","Augmentation des concentrations plasmatiques de l'apixaban par le fluconazole.","Association DECONSEILLEE",""